track_id,genre,language
blues.00000,blues,en
blues.00001,blues,en
blues.00002,blues,en
blues.00003,blues,en
blues.00004,blues,en
blues.00005,blues,en
blues.00006,blues,en
blues.00007,blues,en
blues.00008,blues,en
blues.00009,blues,en
blues.00010,blues,en
blues.00011,blues,en
blues.00012,blues,en
blues.00013,blues,en
blues.00014,blues,en
blues.00015,blues,en
blues.00016,blues,en
blues.00017,blues,en
blues.00018,blues,en
blues.00019,blues,en
blues.00020,blues,en
blues.00021,blues,en
blues.00022,blues,en
blues.00023,blues,en
blues.00024,blues,en
blues.00025,blues,en
blues.00026,blues,en
blues.00027,blues,en
blues.00028,blues,en
blues.00029,blues,en
blues.00030,blues,en
blues.00031,blues,en
blues.00032,blues,en
blues.00033,blues,en
blues.00034,blues,en
blues.00035,blues,en
blues.00036,blues,en
blues.00037,blues,en
blues.00038,blues,en
blues.00039,blues,en
blues.00040,blues,en
blues.00041,blues,en
blues.00042,blues,en
blues.00043,blues,en
blues.00044,blues,en
blues.00045,blues,en
blues.00046,blues,en
blues.00047,blues,en
blues.00048,blues,en
blues.00049,blues,en
blues.00050,blues,en
blues.00051,blues,en
blues.00052,blues,en
blues.00053,blues,en
blues.00054,blues,en
blues.00055,blues,en
blues.00056,blues,en
blues.00057,blues,en
blues.00058,blues,en
blues.00059,blues,en
blues.00060,blues,en
blues.00061,blues,en
blues.00062,blues,en
blues.00063,blues,en
blues.00064,blues,en
blues.00065,blues,en
blues.00066,blues,en
blues.00067,blues,en
blues.00068,blues,en
blues.00069,blues,en
blues.00070,blues,en
blues.00071,blues,en
blues.00072,blues,en
blues.00073,blues,en
blues.00074,blues,en
blues.00075,blues,en
blues.00076,blues,en
blues.00077,blues,en
blues.00078,blues,en
blues.00079,blues,en
blues.00080,blues,en
blues.00081,blues,en
blues.00082,blues,en
blues.00083,blues,en
blues.00084,blues,en
blues.00085,blues,en
blues.00086,blues,en
blues.00087,blues,en
blues.00088,blues,en
blues.00089,blues,en
blues.00090,blues,en
blues.00091,blues,en
blues.00092,blues,en
blues.00093,blues,en
blues.00094,blues,en
blues.00095,blues,en
blues.00096,blues,en
blues.00097,blues,en
blues.00098,blues,en
blues.00099,blues,en
classical.00000,classical,en
classical.00001,classical,en
classical.00002,classical,en
classical.00003,classical,en
classical.00004,classical,en
classical.00005,classical,en
classical.00006,classical,en
classical.00007,classical,en
classical.00008,classical,en
classical.00009,classical,en
classical.00010,classical,en
classical.00011,classical,en
classical.00012,classical,en
classical.00013,classical,en
classical.00014,classical,en
classical.00015,classical,en
classical.00016,classical,en
classical.00017,classical,en
classical.00018,classical,en
classical.00019,classical,en
classical.00020,classical,en
classical.00021,classical,en
classical.00022,classical,en
classical.00023,classical,en
classical.00024,classical,en
classical.00025,classical,en
classical.00026,classical,en
classical.00027,classical,en
classical.00028,classical,en
classical.00029,classical,en
classical.00030,classical,en
classical.00031,classical,en
classical.00032,classical,en
classical.00033,classical,en
classical.00034,classical,en
classical.00035,classical,en
classical.00036,classical,en
classical.00037,classical,en
classical.00038,classical,en
classical.00039,classical,en
classical.00040,classical,en
classical.00041,classical,en
classical.00042,classical,en
classical.00043,classical,en
classical.00044,classical,en
classical.00045,classical,en
classical.00046,classical,en
classical.00047,classical,en
classical.00048,classical,en
classical.00049,classical,en
classical.00050,classical,en
classical.00051,classical,en
classical.00052,classical,en
classical.00053,classical,en
classical.00054,classical,en
classical.00055,classical,en
classical.00056,classical,en
classical.00057,classical,en
classical.00058,classical,en
classical.00059,classical,en
classical.00060,classical,en
classical.00061,classical,en
classical.00062,classical,en
classical.00063,classical,en
classical.00064,classical,en
classical.00065,classical,en
classical.00066,classical,en
classical.00067,classical,en
classical.00068,classical,en
classical.00069,classical,en
classical.00070,classical,en
classical.00071,classical,en
classical.00072,classical,en
classical.00073,classical,en
classical.00074,classical,en
classical.00075,classical,en
classical.00076,classical,en
classical.00077,classical,en
classical.00078,classical,en
classical.00079,classical,en
classical.00080,classical,en
classical.00081,classical,en
classical.00082,classical,en
classical.00083,classical,en
classical.00084,classical,en
classical.00085,classical,en
classical.00086,classical,en
classical.00087,classical,en
classical.00088,classical,en
classical.00089,classical,en
classical.00090,classical,en
classical.00091,classical,en
classical.00092,classical,en
classical.00093,classical,en
classical.00094,classical,en
classical.00095,classical,en
classical.00096,classical,en
classical.00097,classical,en
classical.00098,classical,en
classical.00099,classical,en
country.00000,country,en
country.00001,country,en
country.00002,country,en
country.00003,country,en
country.00004,country,en
country.00005,country,en
country.00006,country,en
country.00007,country,en
country.00008,country,en
country.00009,country,en
country.00010,country,en
country.00011,country,en
country.00012,country,en
country.00013,country,en
country.00014,country,en
country.00015,country,en
country.00016,country,en
country.00017,country,en
country.00018,country,en
country.00019,country,en
country.00020,country,en
country.00021,country,en
country.00022,country,en
country.00023,country,en
country.00024,country,en
country.00025,country,en
country.00026,country,en
country.00027,country,en
country.00028,country,en
country.00029,country,en
country.00030,country,en
country.00031,country,en
country.00032,country,en
country.00033,country,en
country.00034,country,en
country.00035,country,en
country.00036,country,en
country.00037,country,en
country.00038,country,en
country.00039,country,en
country.00040,country,en
country.00041,country,en
country.00042,country,en
country.00043,country,en
country.00044,country,en
country.00045,country,en
country.00046,country,en
country.00047,country,en
country.00048,country,en
country.00049,country,en
country.00050,country,en
country.00051,country,en
country.00052,country,en
country.00053,country,en
country.00054,country,en
country.00055,country,en
country.00056,country,en
country.00057,country,en
country.00058,country,en
country.00059,country,en
country.00060,country,en
country.00061,country,en
country.00062,country,en
country.00063,country,en
country.00064,country,en
country.00065,country,en
country.00066,country,en
country.00067,country,en
country.00068,country,en
country.00069,country,en
country.00070,country,en
country.00071,country,en
country.00072,country,en
country.00073,country,en
country.00074,country,en
country.00075,country,en
country.00076,country,en
country.00077,country,en
country.00078,country,en
country.00079,country,en
country.00080,country,en
country.00081,country,en
country.00082,country,en
country.00083,country,en
country.00084,country,en
country.00085,country,en
country.00086,country,en
country.00087,country,en
country.00088,country,en
country.00089,country,en
country.00090,country,en
country.00091,country,en
country.00092,country,en
country.00093,country,en
country.00094,country,en
country.00095,country,en
country.00096,country,en
country.00097,country,en
country.00098,country,en
country.00099,country,en
disco.00000,disco,en
disco.00001,disco,en
disco.00002,disco,en
disco.00003,disco,en
disco.00004,disco,en
disco.00005,disco,en
disco.00006,disco,en
disco.00007,disco,en
disco.00008,disco,en
disco.00009,disco,en
disco.00010,disco,en
disco.00011,disco,en
disco.00012,disco,en
disco.00013,disco,en
disco.00014,disco,en
disco.00015,disco,en
disco.00016,disco,en
disco.00017,disco,en
disco.00018,disco,en
disco.00019,disco,en
disco.00020,disco,en
disco.00021,disco,en
disco.00022,disco,en
disco.00023,disco,en
disco.00024,disco,en
disco.00025,disco,en
disco.00026,disco,en
disco.00027,disco,en
disco.00028,disco,en
disco.00029,disco,en
disco.00030,disco,en
disco.00031,disco,en
disco.00032,disco,en
disco.00033,disco,en
disco.00034,disco,en
disco.00035,disco,en
disco.00036,disco,en
disco.00037,disco,en
disco.00038,disco,en
disco.00039,disco,en
disco.00040,disco,en
disco.00041,disco,en
disco.00042,disco,en
disco.00043,disco,en
disco.00044,disco,en
disco.00045,disco,en
disco.00046,disco,en
disco.00047,disco,en
disco.00048,disco,en
disco.00049,disco,en
disco.00050,disco,en
disco.00051,disco,en
disco.00052,disco,en
disco.00053,disco,en
disco.00054,disco,en
disco.00055,disco,en
disco.00056,disco,en
disco.00057,disco,en
disco.00058,disco,en
disco.00059,disco,en
disco.00060,disco,en
disco.00061,disco,en
disco.00062,disco,en
disco.00063,disco,en
disco.00064,disco,en
disco.00065,disco,en
disco.00066,disco,en
disco.00067,disco,en
disco.00068,disco,en
disco.00069,disco,en
disco.00070,disco,en
disco.00071,disco,en
disco.00072,disco,en
disco.00073,disco,en
disco.00074,disco,en
disco.00075,disco,en
disco.00076,disco,en
disco.00077,disco,en
disco.00078,disco,en
disco.00079,disco,en
disco.00080,disco,en
disco.00081,disco,en
disco.00082,disco,en
disco.00083,disco,en
disco.00084,disco,en
disco.00085,disco,en
disco.00086,disco,en
disco.00087,disco,en
disco.00088,disco,en
disco.00089,disco,en
disco.00090,disco,en
disco.00091,disco,en
disco.00092,disco,en
disco.00093,disco,en
disco.00094,disco,en
disco.00095,disco,en
disco.00096,disco,en
disco.00097,disco,en
disco.00098,disco,en
disco.00099,disco,en
hiphop.00000,hiphop,en
hiphop.00001,hiphop,en
hiphop.00002,hiphop,en
hiphop.00003,hiphop,en
hiphop.00004,hiphop,en
hiphop.00005,hiphop,en
hiphop.00006,hiphop,en
hiphop.00007,hiphop,en
hiphop.00008,hiphop,en
hiphop.00009,hiphop,en
hiphop.00010,hiphop,en
hiphop.00011,hiphop,en
hiphop.00012,hiphop,en
hiphop.00013,hiphop,en
hiphop.00014,hiphop,en
hiphop.00015,hiphop,en
hiphop.00016,hiphop,en
hiphop.00017,hiphop,en
hiphop.00018,hiphop,en
hiphop.00019,hiphop,en
hiphop.00020,hiphop,en
hiphop.00021,hiphop,en
hiphop.00022,hiphop,en
hiphop.00023,hiphop,en
hiphop.00024,hiphop,en
hiphop.00025,hiphop,en
hiphop.00026,hiphop,en
hiphop.00027,hiphop,en
hiphop.00028,hiphop,en
hiphop.00029,hiphop,en
hiphop.00030,hiphop,en
hiphop.00031,hiphop,en
hiphop.00032,hiphop,en
hiphop.00033,hiphop,en
hiphop.00034,hiphop,en
hiphop.00035,hiphop,en
hiphop.00036,hiphop,en
hiphop.00037,hiphop,en
hiphop.00038,hiphop,en
hiphop.00039,hiphop,en
hiphop.00040,hiphop,en
hiphop.00041,hiphop,en
hiphop.00042,hiphop,en
hiphop.00043,hiphop,en
hiphop.00044,hiphop,en
hiphop.00045,hiphop,en
hiphop.00046,hiphop,en
hiphop.00047,hiphop,en
hiphop.00048,hiphop,en
hiphop.00049,hiphop,en
hiphop.00050,hiphop,en
hiphop.00051,hiphop,en
hiphop.00052,hiphop,en
hiphop.00053,hiphop,en
hiphop.00054,hiphop,en
hiphop.00055,hiphop,en
hiphop.00056,hiphop,en
hiphop.00057,hiphop,en
hiphop.00058,hiphop,en
hiphop.00059,hiphop,en
hiphop.00060,hiphop,en
hiphop.00061,hiphop,en
hiphop.00062,hiphop,en
hiphop.00063,hiphop,en
hiphop.00064,hiphop,en
hiphop.00065,hiphop,en
hiphop.00066,hiphop,en
hiphop.00067,hiphop,en
hiphop.00068,hiphop,en
hiphop.00069,hiphop,en
hiphop.00070,hiphop,en
hiphop.00071,hiphop,en
hiphop.00072,hiphop,en
hiphop.00073,hiphop,en
hiphop.00074,hiphop,en
hiphop.00075,hiphop,en
hiphop.00076,hiphop,en
hiphop.00077,hiphop,en
hiphop.00078,hiphop,en
hiphop.00079,hiphop,en
hiphop.00080,hiphop,en
hiphop.00081,hiphop,en
hiphop.00082,hiphop,en
hiphop.00083,hiphop,en
hiphop.00084,hiphop,en
hiphop.00085,hiphop,en
hiphop.00086,hiphop,en
hiphop.00087,hiphop,en
hiphop.00088,hiphop,en
hiphop.00089,hiphop,en
hiphop.00090,hiphop,en
hiphop.00091,hiphop,en
hiphop.00092,hiphop,en
hiphop.00093,hiphop,en
hiphop.00094,hiphop,en
hiphop.00095,hiphop,en
hiphop.00096,hiphop,en
hiphop.00097,hiphop,en
hiphop.00098,hiphop,en
hiphop.00099,hiphop,en
jazz.00000,jazz,en
jazz.00001,jazz,en
jazz.00002,jazz,en
jazz.00003,jazz,en
jazz.00004,jazz,en
jazz.00005,jazz,en
jazz.00006,jazz,en
jazz.00007,jazz,en
jazz.00008,jazz,en
jazz.00009,jazz,en
jazz.00010,jazz,en
jazz.00011,jazz,en
jazz.00012,jazz,en
jazz.00013,jazz,en
jazz.00014,jazz,en
jazz.00015,jazz,en
jazz.00016,jazz,en
jazz.00017,jazz,en
jazz.00018,jazz,en
jazz.00019,jazz,en
jazz.00020,jazz,en
jazz.00021,jazz,en
jazz.00022,jazz,en
jazz.00023,jazz,en
jazz.00024,jazz,en
jazz.00025,jazz,en
jazz.00026,jazz,en
jazz.00027,jazz,en
jazz.00028,jazz,en
jazz.00029,jazz,en
jazz.00030,jazz,en
jazz.00031,jazz,en
jazz.00032,jazz,en
jazz.00033,jazz,en
jazz.00034,jazz,en
jazz.00035,jazz,en
jazz.00036,jazz,en
jazz.00037,jazz,en
jazz.00038,jazz,en
jazz.00039,jazz,en
jazz.00040,jazz,en
jazz.00041,jazz,en
jazz.00042,jazz,en
jazz.00043,jazz,en
jazz.00044,jazz,en
jazz.00045,jazz,en
jazz.00046,jazz,en
jazz.00047,jazz,en
jazz.00048,jazz,en
jazz.00049,jazz,en
jazz.00050,jazz,en
jazz.00051,jazz,en
jazz.00052,jazz,en
jazz.00053,jazz,en
jazz.00054,jazz,en
jazz.00055,jazz,en
jazz.00056,jazz,en
jazz.00057,jazz,en
jazz.00058,jazz,en
jazz.00059,jazz,en
jazz.00060,jazz,en
jazz.00061,jazz,en
jazz.00062,jazz,en
jazz.00063,jazz,en
jazz.00064,jazz,en
jazz.00065,jazz,en
jazz.00066,jazz,en
jazz.00067,jazz,en
jazz.00068,jazz,en
jazz.00069,jazz,en
jazz.00070,jazz,en
jazz.00071,jazz,en
jazz.00072,jazz,en
jazz.00073,jazz,en
jazz.00074,jazz,en
jazz.00075,jazz,en
jazz.00076,jazz,en
jazz.00077,jazz,en
jazz.00078,jazz,en
jazz.00079,jazz,en
jazz.00080,jazz,en
jazz.00081,jazz,en
jazz.00082,jazz,en
jazz.00083,jazz,en
jazz.00084,jazz,en
jazz.00085,jazz,en
jazz.00086,jazz,en
jazz.00087,jazz,en
jazz.00088,jazz,en
jazz.00089,jazz,en
jazz.00090,jazz,en
jazz.00091,jazz,en
jazz.00092,jazz,en
jazz.00093,jazz,en
jazz.00094,jazz,en
jazz.00095,jazz,en
jazz.00096,jazz,en
jazz.00097,jazz,en
jazz.00098,jazz,en
jazz.00099,jazz,en
metal.00000,metal,en
metal.00001,metal,en
metal.00002,metal,en
metal.00003,metal,en
metal.00004,metal,en
metal.00005,metal,en
metal.00006,metal,en
metal.00007,metal,en
metal.00008,metal,en
metal.00009,metal,en
metal.00010,metal,en
metal.00011,metal,en
metal.00012,metal,en
metal.00013,metal,en
metal.00014,metal,en
metal.00015,metal,en
metal.00016,metal,en
metal.00017,metal,en
metal.00018,metal,en
metal.00019,metal,en
metal.00020,metal,en
metal.00021,metal,en
metal.00022,metal,en
metal.00023,metal,en
metal.00024,metal,en
metal.00025,metal,en
metal.00026,metal,en
metal.00027,metal,en
metal.00028,metal,en
metal.00029,metal,en
metal.00030,metal,en
metal.00031,metal,en
metal.00032,metal,en
metal.00033,metal,en
metal.00034,metal,en
metal.00035,metal,en
metal.00036,metal,en
metal.00037,metal,en
metal.00038,metal,en
metal.00039,metal,en
metal.00040,metal,en
metal.00041,metal,en
metal.00042,metal,en
metal.00043,metal,en
metal.00044,metal,en
metal.00045,metal,en
metal.00046,metal,en
metal.00047,metal,en
metal.00048,metal,en
metal.00049,metal,en
metal.00050,metal,en
metal.00051,metal,en
metal.00052,metal,en
metal.00053,metal,en
metal.00054,metal,en
metal.00055,metal,en
metal.00056,metal,en
metal.00057,metal,en
metal.00058,metal,en
metal.00059,metal,en
metal.00060,metal,en
metal.00061,metal,en
metal.00062,metal,en
metal.00063,metal,en
metal.00064,metal,en
metal.00065,metal,en
metal.00066,metal,en
metal.00067,metal,en
metal.00068,metal,en
metal.00069,metal,en
metal.00070,metal,en
metal.00071,metal,en
metal.00072,metal,en
metal.00073,metal,en
metal.00074,metal,en
metal.00075,metal,en
metal.00076,metal,en
metal.00077,metal,en
metal.00078,metal,en
metal.00079,metal,en
metal.00080,metal,en
metal.00081,metal,en
metal.00082,metal,en
metal.00083,metal,en
metal.00084,metal,en
metal.00085,metal,en
metal.00086,metal,en
metal.00087,metal,en
metal.00088,metal,en
metal.00089,metal,en
metal.00090,metal,en
metal.00091,metal,en
metal.00092,metal,en
metal.00093,metal,en
metal.00094,metal,en
metal.00095,metal,en
metal.00096,metal,en
metal.00097,metal,en
metal.00098,metal,en
metal.00099,metal,en
pop.00000,pop,en
pop.00001,pop,en
pop.00002,pop,en
pop.00003,pop,en
pop.00004,pop,en
pop.00005,pop,en
pop.00006,pop,en
pop.00007,pop,en
pop.00008,pop,en
pop.00009,pop,en
pop.00010,pop,en
pop.00011,pop,en
pop.00012,pop,en
pop.00013,pop,en
pop.00014,pop,en
pop.00015,pop,en
pop.00016,pop,en
pop.00017,pop,en
pop.00018,pop,en
pop.00019,pop,en
pop.00020,pop,en
pop.00021,pop,en
pop.00022,pop,en
pop.00023,pop,en
pop.00024,pop,en
pop.00025,pop,en
pop.00026,pop,en
pop.00027,pop,en
pop.00028,pop,en
pop.00029,pop,en
pop.00030,pop,en
pop.00031,pop,en
pop.00032,pop,en
pop.00033,pop,en
pop.00034,pop,en
pop.00035,pop,en
pop.00036,pop,en
pop.00037,pop,en
pop.00038,pop,en
pop.00039,pop,en
pop.00040,pop,en
pop.00041,pop,en
pop.00042,pop,en
pop.00043,pop,en
pop.00044,pop,en
pop.00045,pop,en
pop.00046,pop,en
pop.00047,pop,en
pop.00048,pop,en
pop.00049,pop,en
pop.00050,pop,en
pop.00051,pop,en
pop.00052,pop,en
pop.00053,pop,en
pop.00054,pop,en
pop.00055,pop,en
pop.00056,pop,en
pop.00057,pop,en
pop.00058,pop,en
pop.00059,pop,en
pop.00060,pop,en
pop.00061,pop,en
pop.00062,pop,en
pop.00063,pop,en
pop.00064,pop,en
pop.00065,pop,en
pop.00066,pop,en
pop.00067,pop,en
pop.00068,pop,en
pop.00069,pop,en
pop.00070,pop,en
pop.00071,pop,en
pop.00072,pop,en
pop.00073,pop,en
pop.00074,pop,en
pop.00075,pop,en
pop.00076,pop,en
pop.00077,pop,en
pop.00078,pop,en
pop.00079,pop,en
pop.00080,pop,en
pop.00081,pop,en
pop.00082,pop,en
pop.00083,pop,en
pop.00084,pop,en
pop.00085,pop,en
pop.00086,pop,en
pop.00087,pop,en
pop.00088,pop,en
pop.00089,pop,en
pop.00090,pop,en
pop.00091,pop,en
pop.00092,pop,en
pop.00093,pop,en
pop.00094,pop,en
pop.00095,pop,en
pop.00096,pop,en
pop.00097,pop,en
pop.00098,pop,en
pop.00099,pop,en
reggae.00000,reggae,en
reggae.00001,reggae,en
reggae.00002,reggae,en
reggae.00003,reggae,en
reggae.00004,reggae,en
reggae.00005,reggae,en
reggae.00006,reggae,en
reggae.00007,reggae,en
reggae.00008,reggae,en
reggae.00009,reggae,en
reggae.00010,reggae,en
reggae.00011,reggae,en
reggae.00012,reggae,en
reggae.00013,reggae,en
reggae.00014,reggae,en
reggae.00015,reggae,en
reggae.00016,reggae,en
reggae.00017,reggae,en
reggae.00018,reggae,en
reggae.00019,reggae,en
reggae.00020,reggae,en
reggae.00021,reggae,en
reggae.00022,reggae,en
reggae.00023,reggae,en
reggae.00024,reggae,en
reggae.00025,reggae,en
reggae.00026,reggae,en
reggae.00027,reggae,en
reggae.00028,reggae,en
reggae.00029,reggae,en
reggae.00030,reggae,en
reggae.00031,reggae,en
reggae.00032,reggae,en
reggae.00033,reggae,en
reggae.00034,reggae,en
reggae.00035,reggae,en
reggae.00036,reggae,en
reggae.00037,reggae,en
reggae.00038,reggae,en
reggae.00039,reggae,en
reggae.00040,reggae,en
reggae.00041,reggae,en
reggae.00042,reggae,en
reggae.00043,reggae,en
reggae.00044,reggae,en
reggae.00045,reggae,en
reggae.00046,reggae,en
reggae.00047,reggae,en
reggae.00048,reggae,en
reggae.00049,reggae,en
reggae.00050,reggae,en
reggae.00051,reggae,en
reggae.00052,reggae,en
reggae.00053,reggae,en
reggae.00054,reggae,en
reggae.00055,reggae,en
reggae.00056,reggae,en
reggae.00057,reggae,en
reggae.00058,reggae,en
reggae.00059,reggae,en
reggae.00060,reggae,en
reggae.00061,reggae,en
reggae.00062,reggae,en
reggae.00063,reggae,en
reggae.00064,reggae,en
reggae.00065,reggae,en
reggae.00066,reggae,en
reggae.00067,reggae,en
reggae.00068,reggae,en
reggae.00069,reggae,en
reggae.00070,reggae,en
reggae.00071,reggae,en
reggae.00072,reggae,en
reggae.00073,reggae,en
reggae.00074,reggae,en
reggae.00075,reggae,en
reggae.00076,reggae,en
reggae.00077,reggae,en
reggae.00078,reggae,en
reggae.00079,reggae,en
reggae.00080,reggae,en
reggae.00081,reggae,en
reggae.00082,reggae,en
reggae.00083,reggae,en
reggae.00084,reggae,en
reggae.00085,reggae,en
reggae.00086,reggae,en
reggae.00087,reggae,en
reggae.00088,reggae,en
reggae.00089,reggae,en
reggae.00090,reggae,en
reggae.00091,reggae,en
reggae.00092,reggae,en
reggae.00093,reggae,en
reggae.00094,reggae,en
reggae.00095,reggae,en
reggae.00096,reggae,en
reggae.00097,reggae,en
reggae.00098,reggae,en
reggae.00099,reggae,en
rock.00000,rock,en
rock.00001,rock,en
rock.00002,rock,en
rock.00003,rock,en
rock.00004,rock,en
rock.00005,rock,en
rock.00006,rock,en
rock.00007,rock,en
rock.00008,rock,en
rock.00009,rock,en
rock.00010,rock,en
rock.00011,rock,en
rock.00012,rock,en
rock.00013,rock,en
rock.00014,rock,en
rock.00015,rock,en
rock.00016,rock,en
rock.00017,rock,en
rock.00018,rock,en
rock.00019,rock,en
rock.00020,rock,en
rock.00021,rock,en
rock.00022,rock,en
rock.00023,rock,en
rock.00024,rock,en
rock.00025,rock,en
rock.00026,rock,en
rock.00027,rock,en
rock.00028,rock,en
rock.00029,rock,en
rock.00030,rock,en
rock.00031,rock,en
rock.00032,rock,en
rock.00033,rock,en
rock.00034,rock,en
rock.00035,rock,en
rock.00036,rock,en
rock.00037,rock,en
rock.00038,rock,en
rock.00039,rock,en
rock.00040,rock,en
rock.00041,rock,en
rock.00042,rock,en
rock.00043,rock,en
rock.00044,rock,en
rock.00045,rock,en
rock.00046,rock,en
rock.00047,rock,en
rock.00048,rock,en
rock.00049,rock,en
rock.00050,rock,en
rock.00051,rock,en
rock.00052,rock,en
rock.00053,rock,en
rock.00054,rock,en
rock.00055,rock,en
rock.00056,rock,en
rock.00057,rock,en
rock.00058,rock,en
rock.00059,rock,en
rock.00060,rock,en
rock.00061,rock,en
rock.00062,rock,en
rock.00063,rock,en
rock.00064,rock,en
rock.00065,rock,en
rock.00066,rock,en
rock.00067,rock,en
rock.00068,rock,en
rock.00069,rock,en
rock.00070,rock,en
rock.00071,rock,en
rock.00072,rock,en
rock.00073,rock,en
rock.00074,rock,en
rock.00075,rock,en
rock.00076,rock,en
rock.00077,rock,en
rock.00078,rock,en
rock.00079,rock,en
rock.00080,rock,en
rock.00081,rock,en
rock.00082,rock,en
rock.00083,rock,en
rock.00084,rock,en
rock.00085,rock,en
rock.00086,rock,en
rock.00087,rock,en
rock.00088,rock,en
rock.00089,rock,en
rock.00090,rock,en
rock.00091,rock,en
rock.00092,rock,en
rock.00093,rock,en
rock.00094,rock,en
rock.00095,rock,en
rock.00096,rock,en
rock.00097,rock,en
rock.00098,rock,en
rock.00099,rock,en
